Text,Label
Project-based learning encourages collaboration and problem-solving skills.,1
Teacher diversity is important for promoting inclusivity and cultural competence.,1
Education should emphasize global citizenship and cultural awareness.,1
"Educational technology has the potential to revolutionize learning, but it also poses risks.",1
"Access to quality education should be a universal right, not a privilege.",1
The true effectiveness of online learning platforms is still a matter of debate among educators.,0
"Teacher tenure policies aim to protect educators, but they also hinder accountability.",1
Educational standards should be flexible to accommodate diverse learning styles.,0
Public education should be funded adequately to ensure equity and excellence.,0
Teacher evaluations based on student test scores undermine the profession's integrity.,0
